id,statement,line,reviewer_FY2026,reviewer_FY2025,reviewer_basis,agrees_with_product_output (Y/N/—),comment
SFP-01,Financial position,"Property, plant and equipment",,,,,
SFP-02,Financial position,Cash and cash equivalents,,,,,
SFP-03,Financial position,Trade and other receivables,,,,,
SFP-04,Financial position,Inventories,,,,,
SFP-05,Financial position,Total assets,,,,,
SFP-06,Financial position,Share capital and retained earnings (as in the trial balance),,,,,
SFP-07,Financial position,Profit for the period (not yet closed to retained earnings),,,,,
SFP-08,Financial position,Total equity,,,,,
SFP-09,Financial position,Borrowings (non-current),,,,,
SFP-10,Financial position,Trade and other payables,,,,,
SFP-11,Financial position,Current tax liability,,,,,
SFP-12,Financial position,Total equity and liabilities,,,,,
SCI-01,Comprehensive income,Revenue,,,,,
SCI-02,Comprehensive income,Other income,,,,,
SCI-03,Comprehensive income,Cost of sales,,,,,
SCI-04,Comprehensive income,"Distribution, administrative and other expenses (by function)",,,,,
SCI-05,Comprehensive income,Finance costs,,,,,
SCI-06,Comprehensive income,Profit before tax,,,,,
SCI-07,Comprehensive income,Tax expense,,,,,
SCI-08,Comprehensive income,Profit for the period,,,,,
SCI-09,Comprehensive income,Total comprehensive income,,,,,
SCF-01,Cash flows (direct),Receipts from customers,,,,,
SCF-02,Cash flows (direct),Payments to suppliers and employees,,,,,
SCF-03,Cash flows (direct),Interest received (operating),,,,,
SCF-04,Cash flows (direct),Income tax paid (operating),,,,,
SCF-05,Cash flows (direct),Interest paid (operating),,,,,
SCF-06,Cash flows (direct),Net cash from operating activities,,,,,
SCF-07,Cash flows (direct),Repayment of borrowings,,,,,
SCF-08,Cash flows (direct),Dividends paid,,,,,
SCF-09,Cash flows (direct),Net cash from financing activities,,,,,
SCF-10,Cash flows (direct),Net increase in cash,,,,,
SCF-11,Cash flows (direct),Cash at the beginning of the period,,,,,
SCF-12,Cash flows (direct),Cash at the end of the period,,,,,
SCE-01,Changes in equity,Share capital: opening and closing,,,,,
SCE-02,Changes in equity,Retained earnings: opening,,,,,
SCE-03,Changes in equity,Retained earnings: profit for the period,,,,,
SCE-04,Changes in equity,Retained earnings: dividends,,,,,
SCE-05,Changes in equity,Retained earnings: closing,,,,,
SCE-06,Changes in equity,Total equity: closing,,,,,
PPE-01,PPE schedule,Carrying amount: opening,,,,,
PPE-02,PPE schedule,Depreciation,,,,,
PPE-03,PPE schedule,Carrying amount: closing,,,,,
